Temperature (C),Mass Fraction
126.936,1
127.097,1
127.267,1
127.433,1.000009988
127.596,1.000009988
127.762,1.000019977
127.926,1.000029965
128.095,1.000029965
128.261,1.000039954
128.426,1.000039954
128.594,1.000039954
128.768,1.000039954
128.923,1.000039954
129.091,1.000039954
129.251,1.000039954
129.417,1.000039954
129.581,1.000039954
129.755,1.000039954
129.914,1.000049942
130.085,1.00005993
130.267,1.000069919
130.422,1.000089896
130.587,1.000099884
130.755,1.000109873
130.916,1.000119861
131.083,1.000129849
131.244,1.000129849
131.414,1.000139838
131.575,1.000139838
131.742,1.000139838
131.907,1.000139838
132.07,1.000139838
132.245,1.000139838
132.415,1.000139838
132.575,1.000139838
132.738,1.000139838
132.904,1.000139838
133.077,1.000139838
133.24,1.000139838
133.411,1.000139838
133.572,1.000139838
133.735,1.000139838
133.907,1.000139838
134.069,1.000139838
134.235,1.000139838
134.402,1.000139838
134.564,1.000139838
134.734,1.000139838
134.896,1.000139838
135.062,1.000139838
135.224,1.000139838
135.393,1.000139838
135.559,1.000139838
135.728,1.000139838
135.894,1.000149826
136.056,1.000159815
136.223,1.000169803
136.394,1.00018978
136.561,1.000199768
136.718,1.000209757
136.887,1.000219745
137.062,1.000229734
137.228,1.000229734
137.396,1.000239722
137.557,1.000229734
137.714,1.000229734
137.882,1.000219745
138.051,1.000209757
138.209,1.000199768
138.375,1.000199768
138.545,1.00018978
138.712,1.00018978
138.878,1.000199768
139.037,1.000209757
139.207,1.000209757
139.378,1.000219745
139.54,1.000219745
139.702,1.000229734
139.871,1.000229734
140.036,1.000239722
140.203,1.000239722
140.368,1.000239722
140.524,1.000239722
140.693,1.000239722
140.863,1.000239722
141.03,1.000239722
141.191,1.000239722
141.356,1.000239722
141.52,1.000239722
141.688,1.000239722
141.858,1.000239722
142.015,1.000239722
142.189,1.000239722
142.355,1.000239722
142.518,1.000239722
142.685,1.00024971
142.845,1.000259699
143.019,1.000269687
143.176,1.000279676
143.34,1.000299652
143.504,1.000309641
143.681,1.000319629
143.848,1.000329618
144,1.000329618
144.172,1.000329618
144.342,1.000339606
144.506,1.000339606
144.676,1.000339606
144.836,1.000339606
145.007,1.000339606
145.17,1.000339606
145.331,1.000339606
145.499,1.000339606
145.675,1.000339606
145.846,1.000339606
146.01,1.000339606
146.174,1.000339606
146.337,1.000339606
146.505,1.000339606
146.671,1.000339606
146.829,1.000339606
146.999,1.000339606
147.166,1.000339606
147.331,1.000339606
147.496,1.000339606
147.665,1.000339606
147.828,1.000339606
147.991,1.000339606
148.153,1.000339606
148.33,1.000339606
148.495,1.000339606
148.651,1.000339606
148.817,1.000339606
148.987,1.000339606
149.153,1.000339606
149.321,1.000339606
149.483,1.000339606
149.65,1.000339606
149.821,1.000339606
149.978,1.000349594
150.144,1.000359583
150.309,1.000369571
150.474,1.000389548
150.64,1.000399537
150.811,1.000409525
150.988,1.000419513
151.147,1.000419513
151.322,1.000429502
151.481,1.00043949
151.649,1.00043949
151.819,1.00043949
151.983,1.00043949
152.151,1.00043949
152.32,1.00043949
152.489,1.00043949
152.656,1.00043949
152.829,1.00043949
152.99,1.00043949
153.151,1.00043949
153.321,1.00043949
153.483,1.00043949
153.649,1.00043949
153.81,1.00043949
153.982,1.00043949
154.155,1.00043949
154.315,1.00043949
154.482,1.00043949
154.646,1.00043949
154.818,1.00043949
154.989,1.00043949
155.161,1.00043949
155.329,1.00043949
155.486,1.00043949
155.654,1.00043949
155.817,1.00043949
155.988,1.00043949
156.145,1.00043949
156.312,1.00043949
156.479,1.00043949
156.645,1.00043949
156.812,1.00043949
156.981,1.00043949
157.146,1.00043949
157.307,1.00043949
157.476,1.000449479
157.649,1.000459467
157.813,1.000459467
157.98,1.000459467
158.14,1.000459467
158.302,1.000459467
158.472,1.000449479
158.635,1.000449479
158.799,1.000459467
158.967,1.000459467
159.14,1.000479444
159.305,1.000489432
159.468,1.000499421
159.623,1.000509409
159.795,1.000519397
159.96,1.000519397
160.129,1.000529386
160.297,1.000529386
160.464,1.000539374
160.633,1.000539374
160.801,1.000539374
160.956,1.000539374
161.121,1.000539374
161.297,1.000539374
161.454,1.000539374
161.615,1.000539374
161.791,1.000529386
161.958,1.000519397
162.124,1.000499421
162.283,1.000489432
162.449,1.000489432
162.614,1.000489432
162.784,1.000499421
162.951,1.000509409
163.119,1.000509409
163.28,1.000519397
163.445,1.000519397
163.618,1.000529386
163.785,1.000529386
163.951,1.000539374
164.116,1.000539374
164.282,1.000539374
164.447,1.000539374
164.613,1.000539374
164.777,1.000539374
164.943,1.000539374
165.11,1.000539374
165.277,1.000539374
165.436,1.000539374
165.607,1.000539374
165.779,1.000539374
165.943,1.000539374
166.107,1.000539374
166.28,1.000539374
166.45,1.000539374
166.616,1.000539374
166.782,1.000539374
166.94,1.000539374
167.111,1.000539374
167.277,1.000539374
167.452,1.000539374
167.615,1.000539374
167.782,1.000539374
167.953,1.000539374
168.119,1.000539374
168.285,1.000539374
168.441,1.000539374
168.611,1.000539374
168.779,1.000539374
168.946,1.000539374
169.108,1.000539374
169.282,1.000539374
169.453,1.000539374
169.614,1.000539374
169.782,1.000539374
169.946,1.000539374
170.113,1.000539374
170.268,1.000539374
170.445,1.000539374
170.605,1.000539374
170.768,1.000539374
170.943,1.000539374
171.108,1.000539374
171.277,1.000549363
171.445,1.000559351
171.615,1.00056934
171.781,1.00056934
171.941,1.000579328
172.115,1.000579328
172.283,1.000579328
172.452,1.000579328
172.621,1.000559351
172.782,1.000549363
172.943,1.000549363
173.116,1.000539374
173.278,1.000539374
173.449,1.000539374
173.615,1.000539374
173.784,1.000539374
173.949,1.000539374
174.119,1.000539374
174.29,1.000539374
174.446,1.000539374
174.614,1.000539374
174.792,1.000539374
174.954,1.000539374
175.111,1.000539374
175.28,1.000539374
175.448,1.000539374
175.614,1.000539374
175.777,1.000539374
175.948,1.000539374
176.113,1.000539374
176.275,1.000539374
176.438,1.000539374
176.608,1.000539374
176.777,1.000539374
176.944,1.000539374
177.115,1.000539374
177.282,1.000539374
177.454,1.000539374
177.619,1.000539374
177.782,1.000539374
177.949,1.000539374
178.12,1.000539374
178.29,1.000539374
178.453,1.000539374
178.618,1.000539374
178.785,1.000539374
178.952,1.000539374
179.116,1.000539374
179.287,1.000539374
179.456,1.000539374
179.611,1.000539374
179.787,1.000539374
179.948,1.000539374
180.117,1.000539374
180.29,1.000539374
180.456,1.000539374
180.621,1.000539374
180.783,1.000539374
180.949,1.000539374
181.115,1.000539374
181.28,1.000539374
181.453,1.000539374
181.62,1.000539374
181.782,1.000539374
181.953,1.000539374
182.122,1.000539374
182.286,1.000539374
182.446,1.000539374
182.604,1.000539374
182.783,1.000539374
182.948,1.000539374
183.114,1.000539374
183.282,1.000539374
183.45,1.000539374
183.619,1.000539374
183.775,1.000539374
183.948,1.000539374
184.109,1.000529386
184.276,1.000519397
184.449,1.000519397
184.614,1.000509409
184.779,1.000509409
184.945,1.000509409
185.116,1.000519397
185.283,1.000519397
185.446,1.000529386
185.615,1.000529386
185.785,1.000529386
185.95,1.000539374
186.111,1.000529386
186.282,1.000529386
186.452,1.000519397
186.617,1.000519397
186.784,1.000519397
186.954,1.000499421
187.124,1.000489432
187.293,1.000479444
187.452,1.000469455
187.629,1.000459467
187.79,1.000449479
187.952,1.000449479
188.122,1.00043949
188.301,1.00043949
188.463,1.00043949
188.626,1.00043949
188.794,1.00043949
188.961,1.00043949
189.123,1.00043949
189.289,1.00043949
189.468,1.00043949
189.628,1.00043949
189.797,1.00043949
189.965,1.00043949
190.135,1.00043949
190.298,1.00043949
190.466,1.00043949
190.623,1.00043949
190.796,1.00043949
190.961,1.00043949
191.128,1.00043949
191.295,1.00043949
191.46,1.00043949
191.623,1.00043949
191.805,1.000429502
191.963,1.000429502
192.134,1.000429502
192.298,1.000419513
192.469,1.000409525
192.631,1.000409525
192.801,1.000399537
192.973,1.00037956
193.133,1.000369571
193.297,1.000359583
193.464,1.000359583
193.635,1.000349594
193.805,1.000349594
193.977,1.000339606
194.137,1.000339606
194.311,1.000339606
194.478,1.000339606
194.642,1.000339606
194.804,1.000339606
194.977,1.000339606
195.143,1.000339606
195.311,1.000339606
195.475,1.000339606
195.642,1.000339606
195.811,1.000339606
195.974,1.000339606
196.152,1.000339606
196.316,1.000339606
196.475,1.000329618
196.644,1.000319629
196.809,1.000309641
196.974,1.000289664
197.142,1.000279676
197.308,1.000269687
197.481,1.000259699
197.652,1.000259699
197.819,1.00024971
197.984,1.000239722
198.163,1.000239722
198.327,1.000239722
198.488,1.000239722
198.657,1.000239722
198.828,1.000239722
199,1.000239722
199.153,1.000229734
199.327,1.000219745
199.496,1.000209757
199.667,1.00018978
199.841,1.000179791
199.998,1.000169803
200.162,1.000159815
200.339,1.000149826
200.507,1.000149826
200.665,1.000149826
200.83,1.000139838
201,1.000139838
201.171,1.000139838
201.342,1.000139838
201.512,1.000139838
201.684,1.000139838
201.845,1.000149826
202.014,1.000159815
202.192,1.000159815
202.355,1.000159815
202.519,1.000159815
202.686,1.000149826
202.851,1.000139838
203.019,1.000119861
203.183,1.000089896
203.356,1.00005993
203.522,1.000019977
203.681,0.999980023
203.847,0.999960046
204.011,0.99994007
204.176,0.999930081
204.341,0.999930081
204.513,0.999920093
204.679,0.999920093
204.851,0.999920093
205.017,0.999930081
205.189,0.999930081
205.355,0.99994007
205.514,0.99994007
205.689,0.99994007
205.858,0.99994007
206.028,0.99994007
206.19,0.99994007
206.362,0.99994007
206.524,0.99994007
206.691,0.99994007
206.863,0.99994007
207.029,0.999930081
207.198,0.999920093
207.362,0.999910104
207.526,0.999890127
207.69,0.999880139
207.863,0.999870151
208.022,0.999860162
208.194,0.999860162
208.36,0.999850174
208.522,0.999840185
208.689,0.999840185
208.854,0.999840185
209.027,0.999830197
209.203,0.999820209
209.372,0.99981022
209.536,0.999780255
209.694,0.999760278
209.87,0.99975029
210.032,0.999740301
210.197,0.999720324
210.368,0.999700348
210.536,0.999690359
210.702,0.999670382
210.869,0.999660394
211.033,0.999650406
211.195,0.999640417
211.369,0.999630429
211.536,0.99962044
211.701,0.99962044
211.871,0.999610452
212.046,0.999600463
212.207,0.999590475
212.37,0.999580487
212.541,0.999580487
212.708,0.999570498
212.872,0.99956051
213.038,0.999540533
213.205,0.999530545
213.369,0.999510568
213.537,0.999500579
213.714,0.999490591
213.88,0.999470614
214.042,0.999460626
214.206,0.999450637
214.373,0.999440649
214.55,0.999420672
214.713,0.999410684
214.881,0.999390707
215.043,0.999380718
215.209,0.99937073
215.388,0.999360742
215.557,0.999360742
215.722,0.999350753
215.886,0.999330776
216.052,0.999320788
216.216,0.999310799
216.382,0.999290823
216.549,0.999280834
216.718,0.999260857
216.886,0.999240881
217.052,0.999220904
217.224,0.999200927
217.388,0.999190939
217.554,0.999170962
217.717,0.999160973
217.888,0.999160973
218.053,0.999150985
218.218,0.999140996
218.386,0.999131008
218.554,0.99912102
218.721,0.999101043
218.89,0.999081066
219.068,0.999061089
219.228,0.999031124
219.401,0.999011147
219.565,0.99899117
219.731,0.998971193
219.894,0.998951217
220.061,0.998941228
220.228,0.998921251
220.394,0.998901275
220.567,0.998891286
220.732,0.998871309
220.898,0.998861321
221.066,0.998841344
221.239,0.998821367
221.406,0.998811379
221.57,0.998791402
221.736,0.998781414
221.902,0.998761437
222.074,0.99874146
222.239,0.998721483
222.405,0.998701506
222.572,0.998681529
222.732,0.998661553
222.905,0.998641576
223.079,0.998621599
223.243,0.998601622
223.417,0.998591634
223.587,0.998571657
223.75,0.998561668
223.916,0.99855168
224.088,0.998531703
224.256,0.998511726
224.423,0.998481761
224.588,0.998441808
224.746,0.998411842
224.922,0.998381877
225.089,0.998351912
225.259,0.998321947
225.428,0.998311958
225.602,0.998291981
225.769,0.998272004
225.933,0.998252028
226.098,0.998242039
226.26,0.998232051
226.431,0.998202086
226.601,0.998182109
226.762,0.998142155
226.941,0.99811219
227.109,0.998072236
227.276,0.998052259
227.441,0.998022294
227.601,0.99798234
227.77,0.997952375
227.934,0.997932398
228.111,0.997902433
228.273,0.997882456
228.438,0.99786248
228.608,0.997842503
228.771,0.997822526
228.939,0.997802549
229.105,0.997772584
229.27,0.997742619
229.449,0.997722642
229.614,0.997702665
229.787,0.9976727
229.952,0.997642734
230.113,0.997612769
230.283,0.997582804
230.451,0.99754285
230.623,0.997502897
230.793,0.997472931
230.951,0.997432978
231.118,0.997403013
231.294,0.997373047
231.459,0.997343082
231.629,0.997303128
231.802,0.997273163
231.959,0.997243198
232.138,0.997213233
232.305,0.997173279
232.464,0.997143314
232.633,0.997113349
232.805,0.997073395
232.968,0.99704343
233.139,0.997013464
233.308,0.996983499
233.475,0.996953534
233.639,0.996923569
233.813,0.996893603
233.973,0.996863638
234.144,0.996823685
234.315,0.996783731
234.482,0.996743777
234.65,0.996713812
234.815,0.996673858
234.986,0.996643893
235.154,0.996613928
235.319,0.996573974
235.485,0.996534021
235.65,0.996504055
235.829,0.996464102
235.998,0.996424148
236.165,0.996384194
236.329,0.996344241
236.497,0.996304287
236.67,0.996264333
236.836,0.99622438
237.008,0.996184426
237.17,0.996144472
237.331,0.996104519
237.51,0.996064565
237.667,0.996024611
237.837,0.995984658
237.999,0.995944704
238.159,0.99590475
238.323,0.995854808
238.499,0.995804866
238.665,0.995754924
238.837,0.995704982
239.011,0.995665029
239.173,0.995625075
239.334,0.995575133
239.501,0.995535179
239.669,0.995495226
239.831,0.995455272
240.005,0.99540533
240.17,0.995355388
240.339,0.995295457
240.502,0.995245515
240.672,0.995185585
240.838,0.995135643
241.005,0.995085701
241.168,0.995045747
241.337,0.994985816
241.502,0.994935874
241.675,0.994885932
241.835,0.99483599
241.998,0.994786048
242.169,0.994736106
242.338,0.994696152
242.507,0.99464621
242.681,0.994606257
242.846,0.994556315
243.009,0.994506373
243.181,0.994456431
243.346,0.9943965
243.512,0.994346558
243.683,0.994286628
243.853,0.994236685
244.02,0.994176755
244.191,0.994126813
244.359,0.994076871
244.53,0.99401694
244.696,0.993947021
244.859,0.993887091
245.03,0.99382716
245.192,0.993757242
245.367,0.993687323
245.534,0.993627392
245.71,0.993557473
245.868,0.993497543
246.039,0.993437612
246.204,0.993377682
246.373,0.993307763
246.537,0.993227856
246.703,0.993147948
246.871,0.993078029
247.037,0.993008111
247.208,0.992918215
247.384,0.992838308
247.544,0.9927584
247.713,0.992678493
247.876,0.992608574
248.043,0.992528667
248.208,0.992448759
248.376,0.992358864
248.549,0.992268968
248.71,0.992169084
248.878,0.992079188
249.045,0.991979304
249.209,0.99187942
249.368,0.991759559
249.538,0.991659675
249.704,0.991559791
249.863,0.991449918
250.037,0.991350034
250.21,0.99125015
250.371,0.991150266
250.54,0.991050382
250.712,0.990950497
250.873,0.990840625
251.042,0.990730752
251.204,0.990610891
251.376,0.99049103
251.547,0.990371169
251.712,0.99024132
251.878,0.990121459
252.047,0.98999161
252.224,0.98986176
252.397,0.989741899
252.564,0.98961205
252.723,0.989472212
252.893,0.989332374
253.055,0.989182548
253.222,0.989032722
253.387,0.988882896
253.562,0.98873307
253.738,0.988583243
253.903,0.988423429
254.061,0.988263614
254.231,0.9881038
254.392,0.987943985
254.567,0.987774182
254.726,0.987594391
254.895,0.987424587
255.066,0.987244796
255.237,0.987065005
255.397,0.986885213
255.57,0.986695433
255.743,0.986515642
255.904,0.986325862
256.073,0.986136082
256.248,0.985936314
256.41,0.985746534
256.581,0.985546766
256.748,0.985346997
256.917,0.985127252
257.088,0.984917496
257.249,0.984707739
257.415,0.984497982
257.585,0.984288226
257.757,0.984078469
257.928,0.983858724
258.091,0.983648967
258.251,0.983429222
258.421,0.983209477
258.59,0.98299972
258.754,0.982779975
258.928,0.982550242
259.097,0.982330497
259.259,0.982100763
259.429,0.98187103
259.595,0.981631308
259.762,0.981401574
259.926,0.981171841
260.096,0.980932119
260.263,0.980692397
260.425,0.980452675
260.598,0.980222941
260.772,0.979983219
260.936,0.979743498
261.102,0.979503776
261.271,0.979264054
261.438,0.979024332
261.606,0.978774621
261.772,0.978524911
261.948,0.978265212
262.112,0.978005514
262.274,0.977735826
262.444,0.977466139
262.608,0.977206441
262.766,0.976946742
262.935,0.976697031
263.106,0.976437333
263.277,0.976167646
263.44,0.975907947
263.614,0.975648248
263.785,0.975368572
263.942,0.975108874
264.114,0.974839187
264.281,0.974569499
264.446,0.974289824
264.613,0.974010148
264.781,0.973730473
264.951,0.973450797
265.116,0.973161133
265.289,0.972871469
265.46,0.972581805
265.624,0.97230213
265.793,0.972012466
265.961,0.97173279
266.128,0.971443126
266.295,0.971143474
266.459,0.970843821
266.623,0.970544169
266.791,0.97022454
266.96,0.969914899
267.127,0.969595269
267.293,0.969285629
267.464,0.968965999
267.625,0.96864637
267.791,0.968326741
267.958,0.967997123
268.125,0.967677494
268.292,0.967337888
268.459,0.96700827
268.629,0.966668664
268.789,0.966339047
268.964,0.965989452
269.132,0.965639858
269.299,0.965290263
269.466,0.964940669
269.63,0.964591074
269.797,0.964231491
269.967,0.963871909
270.137,0.963502337
270.299,0.963132766
270.472,0.962753206
270.643,0.962373647
270.807,0.962004075
270.973,0.961624516
271.146,0.961244956
271.315,0.960845419
271.482,0.960455871
271.645,0.960056335
271.815,0.95964681
271.987,0.959227296
272.154,0.958807783
272.321,0.95838827
272.491,0.957968756
272.66,0.957549243
272.83,0.957099764
273.002,0.956650286
273.158,0.956190819
273.329,0.95574134
273.497,0.955261896
273.663,0.954782452
273.832,0.95429302
273.996,0.953813576
274.162,0.953314156
274.329,0.952794758
274.5,0.952275361
274.665,0.951755963
274.833,0.951226577
275.006,0.950677214
275.174,0.950117863
275.342,0.949558512
275.505,0.948989173
275.665,0.948409845
275.84,0.947800551
276.005,0.947191258
276.174,0.946571977
276.335,0.945952695
276.497,0.945273483
276.661,0.944604259
276.824,0.943915059
276.993,0.94321587
277.162,0.942506692
277.331,0.941737584
277.5,0.940988453
277.664,0.940229334
277.829,0.939470215
277.993,0.938671141
278.153,0.937872068
278.315,0.937063007
278.484,0.936233969
278.648,0.935394942
278.81,0.934505973
278.971,0.933617004
279.14,0.932728035
279.3,0.93181909
279.457,0.930860202
279.617,0.929901314
279.781,0.928932438
279.941,0.927943585
280.106,0.926934756
280.27,0.925875984
280.432,0.924837189
280.596,0.923778417
280.753,0.922719645
280.913,0.92162092
281.077,0.920522194
281.24,0.91941348
281.405,0.918294778
281.565,0.917166087
281.728,0.915997443
281.884,0.914828799
282.042,0.913650166
282.208,0.912461545
282.367,0.911222981
282.523,0.909994406
282.68,0.908755843
282.842,0.907497303
283.009,0.906238763
283.166,0.904970235
283.328,0.903721683
283.486,0.902443166
283.655,0.901104719
283.813,0.899896121
283.977,0.898677534
284.136,0.897089376
284.301,0.89524152
284.466,0.893423629
284.629,0.891665668
284.78,0.889927684
284.936,0.888199688
285.097,0.886471693
285.258,0.884793639
285.423,0.883075632
285.584,0.881337648
285.741,0.879579688
285.902,0.87780175
286.064,0.875943905
286.222,0.87408606
286.374,0.872218227
286.536,0.870330417
286.699,0.868342722
286.864,0.866365017
287.029,0.864357345
287.185,0.862329698
287.342,0.860282073
287.501,0.858124575
287.667,0.855987055
287.829,0.853849535
287.991,0.851692037
288.159,0.849474609
288.315,0.84726717
288.473,0.845059731
288.631,0.842832315
288.794,0.840604898
288.951,0.83832754
289.116,0.836070159
289.268,0.8337928
289.435,0.831525431
289.592,0.829218107
289.747,0.826910783
289.917,0.82460346
290.08,0.822286148
290.241,0.819958848
290.397,0.817591594
290.559,0.815234328
290.722,0.812867074
290.888,0.81049982
291.056,0.808092613
291.217,0.805705382
291.376,0.803308163
291.539,0.800910943
291.703,0.798503736
291.866,0.796096528
292.031,0.793699309
292.195,0.79130209
292.355,0.788924847
292.521,0.786567582
292.688,0.784210316
292.852,0.781873027
293.025,0.779555715
293.187,0.77725838
293.349,0.775020976
293.519,0.772773583
293.681,0.770546166
293.846,0.768338727
294.017,0.766211195
294.189,0.764063686
294.362,0.761946142
294.532,0.759848576
294.697,0.757780974
294.866,0.75579328
295.026,0.753785609
295.191,0.751807903
295.37,0.749850174
295.542,0.747972352
295.709,0.746074554
295.885,0.744196732
296.047,0.742348875
296.222,0.740520996
296.392,0.738753046
296.564,0.736975109
296.727,0.73520716
296.902,0.733459187
297.07,0.731761157
297.237,0.730053138
297.405,0.728365096
297.587,0.726697031
297.752,0.725048943
297.926,0.723460785
298.092,0.721852651
298.268,0.720254505
298.44,0.718666347
298.605,0.717128131
298.786,0.715579927
298.949,0.714041712
299.119,0.712513484
299.292,0.710995246
299.467,0.70951696
299.643,0.708028687
299.818,0.706550402
299.987,0.705072116
300.15,0.703633785
300.325,0.702175476
300.488,0.700727156
300.66,0.699288825
300.83,0.697860482
301.001,0.696442127
301.177,0.695033761
301.341,0.693625395
301.515,0.692227017
301.685,0.690848616
301.852,0.689460226
302.03,0.688071837
302.19,0.686683447
302.368,0.685305046
302.541,0.683946622
302.717,0.682578209
302.881,0.681219785
303.052,0.679871349
303.219,0.678532902
303.387,0.677194454
303.561,0.675856007
303.733,0.674537536
303.908,0.673219066
304.08,0.671920572
304.251,0.670602102
304.422,0.669293619
304.584,0.667985137
304.755,0.666676655
304.934,0.665368173
305.098,0.664059691
305.265,0.662751209
305.445,0.661442726
305.618,0.660154221
305.783,0.658865716
305.959,0.657587199
306.129,0.65631867
306.299,0.655070119
306.475,0.65380159
306.634,0.652553038
306.812,0.651304487
306.986,0.650055935
307.158,0.64882736
307.325,0.647588797
307.496,0.646360222
307.666,0.645121659
307.84,0.643893084
308.009,0.642664509
308.186,0.641445923
308.357,0.640217348
308.522,0.638998761
308.688,0.637790163
308.859,0.636581565
309.027,0.635372967
309.193,0.634174358
309.371,0.632975748
309.545,0.631787127
309.71,0.630598506
309.875,0.629409885
310.046,0.628231252
310.213,0.627072596
310.384,0.62591394
310.556,0.624755284
310.725,0.623596628
310.899,0.622457949
311.064,0.621309281
311.226,0.620160614
311.39,0.619021935
311.574,0.617883255
311.742,0.616744576
311.911,0.615615886
312.086,0.614487195
312.25,0.613358504
312.419,0.612239802
312.595,0.611141076
312.757,0.610032362
312.933,0.608933637
313.1,0.607834912
313.268,0.60677614
313.446,0.605697391
313.617,0.604618642
313.783,0.603539894
313.952,0.602461145
314.126,0.601382396
314.302,0.600313636
314.475,0.599234888
314.645,0.59814615
314.799,0.597087379
314.971,0.596018618
315.146,0.594969835
315.324,0.593921052
315.49,0.592892245
315.657,0.591863438
315.828,0.590834632
315.994,0.589805825
316.173,0.588787007
316.34,0.587778177
316.514,0.586759359
316.682,0.585750529
316.846,0.5847417
317.014,0.583742858
317.179,0.582734029
317.352,0.581735187
317.519,0.580736346
317.695,0.579747493
317.86,0.578768628
318.031,0.577789764
318.201,0.576820888
318.371,0.575842023
318.536,0.574893124
318.717,0.573934236
318.885,0.572975349
319.05,0.572026449
319.218,0.571067562
319.385,0.570128651
319.555,0.56918974
319.729,0.568260817
319.898,0.567321907
320.068,0.566392984
320.234,0.565464062
320.404,0.564525151
320.571,0.56358624
320.745,0.562657318
320.91,0.561728395
321.082,0.560809461
321.249,0.559890527
321.42,0.558971593
321.582,0.558072636
321.757,0.557183667
321.923,0.55628471
322.09,0.555405729
322.257,0.554536737
322.429,0.553687722
322.6,0.552828719
322.775,0.551969715
322.943,0.551110712
323.111,0.550251708
323.28,0.549392704
323.442,0.548533701
323.62,0.547674697
323.779,0.546825682
323.946,0.545966679
324.131,0.545127652
324.3,0.544298614
324.459,0.543479564
324.627,0.542670502
324.803,0.541851452
324.968,0.541032402
325.136,0.540223341
325.305,0.539404291
325.477,0.53859523
325.648,0.537796156
325.82,0.536987095
325.982,0.536178033
326.15,0.535388949
326.322,0.534599864
326.498,0.533800791
326.664,0.533021695
326.828,0.532242599
327.006,0.531473491
327.176,0.530714371
327.345,0.529955252
327.512,0.529196132
327.68,0.528437013
327.85,0.527687882
328.027,0.526948739
328.187,0.526199608
328.362,0.525460466
328.532,0.524731312
328.702,0.523992169
328.866,0.523263015
329.04,0.522523872
329.216,0.521794718
329.385,0.521065564
329.55,0.520326421
329.722,0.519607256
329.889,0.518878101
330.06,0.518158936
330.229,0.51743977
330.395,0.516730593
330.56,0.516031404
330.734,0.515352191
330.9,0.514662991
331.067,0.513983779
331.244,0.513304567
331.417,0.512625355
331.584,0.511976108
331.75,0.511316872
331.915,0.510657637
332.087,0.509998402
332.253,0.509359143
332.428,0.508709897
332.603,0.50806065
332.779,0.507411403
332.944,0.506772144
333.115,0.506122897
333.278,0.505483639
333.445,0.504834392
333.609,0.504185145
333.78,0.503555875
333.948,0.502936594
334.114,0.502317312
334.284,0.501708019
334.448,0.501098725
334.618,0.500509409
334.782,0.499920093
334.958,0.499330776
335.122,0.49874146
335.296,0.498152144
335.463,0.497572816
335.635,0.496993488
335.804,0.49641416
335.974,0.495834832
336.145,0.49527548
336.327,0.494706141
336.493,0.494136801
336.661,0.49357745
336.83,0.493028087
336.999,0.492478725
337.167,0.491919374
337.34,0.491370011
337.513,0.490820648
337.674,0.490291262
337.84,0.489761876
338.012,0.489222502
338.195,0.488703104
338.362,0.488193695
338.521,0.487674298
338.686,0.487164889
338.855,0.48665548
339.036,0.486156059
339.208,0.485666627
339.374,0.485177194
339.546,0.484687762
339.716,0.48419833
339.883,0.483718886
340.051,0.483229454
340.227,0.48275001
340.389,0.482280555
340.561,0.481811099
340.73,0.481351632
340.898,0.480892165
341.064,0.480432698
341.237,0.479973231
341.411,0.479533741
341.582,0.479084262
341.746,0.478634784
341.919,0.478195293
342.095,0.477755803
342.261,0.47733629
342.426,0.476906788
342.593,0.476487275
342.762,0.476067761
342.938,0.475668225
343.1,0.4752587
343.286,0.474859163
343.452,0.474449638
343.613,0.474050102
343.787,0.473660554
343.958,0.473271006
344.129,0.472891446
344.292,0.472511886
344.454,0.472142315
344.633,0.471772744
344.804,0.471413161
344.974,0.471053578
345.141,0.470693995
345.311,0.470354389
345.482,0.470004794
345.65,0.469665188
345.82,0.469315594
345.992,0.468965999
346.156,0.468626393
346.324,0.468286787
346.49,0.46795717
346.67,0.467627552
346.842,0.467297934
347.008,0.466968317
347.177,0.466658676
347.351,0.466349035
347.522,0.466039394
347.688,0.46574973
347.857,0.465460066
348.032,0.465170402
348.192,0.46487075
348.368,0.464591074
348.536,0.464311399
348.7,0.464021735
348.871,0.463732071
349.04,0.463442407
349.205,0.463162731
349.37,0.462883056
349.542,0.46260338
349.713,0.462343681
349.881,0.462093971
350.054,0.461844261
350.218,0.46159455
350.387,0.46134484
350.56,0.461105118
350.725,0.460875385
350.889,0.460635663
351.062,0.460395941
351.232,0.460166207
351.401,0.459946462
351.576,0.459726717
351.746,0.459506972
351.913,0.459287227
352.084,0.459087459
352.255,0.458877702
352.417,0.458677934
352.583,0.458468177
352.753,0.458268409
352.919,0.45806864
353.087,0.457868872
353.261,0.457669104
353.426,0.457479324
353.599,0.457299533
353.773,0.457119741
353.949,0.45693995
354.108,0.456760158
354.278,0.456580367
354.45,0.456420552
354.617,0.456260738
354.787,0.456090935
354.953,0.45593112
355.124,0.455761317
355.285,0.455601502
355.462,0.455451676
355.632,0.455291861
355.802,0.455142035
355.965,0.455002197
356.139,0.45486236
356.31,0.454712533
356.472,0.454572696
356.64,0.454432858
356.821,0.45429302
356.976,0.454153182
357.14,0.454023333
357.308,0.453883495
357.472,0.453763634
357.642,0.453633785
357.816,0.453513924
357.985,0.453384074
358.152,0.453274202
358.318,0.453164329
358.491,0.453054457
358.652,0.452954573
358.823,0.452854689
358.994,0.452754804
359.159,0.452644932
359.327,0.452535059
359.499,0.452425187
359.673,0.452305326
359.838,0.452195453
360,0.452095569
360.166,0.451995685
360.339,0.451895801
360.51,0.451815894
360.677,0.451725998
360.847,0.451636102
361.023,0.451556195
361.189,0.451476288
361.349,0.45139638
361.52,0.451316473
361.689,0.451246554
361.857,0.451166647
362.025,0.451086739
362.198,0.45101682
362.373,0.450936913
362.532,0.450866994
362.706,0.450787087
362.87,0.450717168
363.035,0.450647249
363.203,0.45057733
363.372,0.450497423
363.543,0.450437493
363.702,0.450367574
363.881,0.450297655
364.042,0.450227736
364.212,0.450157817
364.368,0.450087898
364.54,0.450017979
364.717,0.449958049
364.884,0.449898118
365.056,0.449848176
365.222,0.449798234
365.391,0.449748292
365.555,0.449688362
365.724,0.449638419
365.9,0.449588477
366.064,0.449528547
366.234,0.449478605
366.402,0.449418674
366.568,0.449368732
366.735,0.44931879
366.901,0.44925886
367.068,0.449208918
367.231,0.449158976
367.4,0.449109034
367.565,0.449059091
367.733,0.449019138
367.897,0.448969196
368.073,0.448929242
368.23,0.4488793
368.399,0.448839346
368.561,0.448799393
368.726,0.448759439
368.897,0.448719485
369.061,0.448679532
369.233,0.448639578
369.395,0.448599624
369.563,0.448559671
369.727,0.448519717
369.9,0.448479763
370.063,0.44843981
370.229,0.448399856
370.392,0.448359903
370.556,0.448319949
370.728,0.448279995
370.893,0.448240042
371.058,0.448200088
371.231,0.448160134
371.395,0.448120181
371.558,0.448080227
371.728,0.448040273
371.894,0.44800032
372.066,0.447960366
372.234,0.447930401
372.393,0.447890447
372.558,0.447850493
372.724,0.447820528
372.891,0.447790563
373.057,0.447750609
373.223,0.447710656
373.383,0.44768069
373.553,0.447650725
373.725,0.44762076
373.893,0.447590795
374.061,0.447570818
374.232,0.447540853
374.399,0.447510887
374.56,0.447480922
374.724,0.447450957
374.896,0.447411003
375.061,0.44737105
375.231,0.447331096
375.4,0.447291142
375.565,0.447251189
375.733,0.447211235
375.899,0.44718127
376.063,0.447151304
376.239,0.447131328
376.403,0.447101362
376.572,0.447081386
376.736,0.447061409
376.899,0.447041432
377.076,0.447011467
377.238,0.446981501
377.407,0.446951536
377.576,0.446921571
377.742,0.446881617
377.909,0.446841664
378.068,0.44680171
378.237,0.446761756
378.399,0.446721803
378.571,0.446691837
378.739,0.446651884
378.908,0.446621919
379.074,0.446591953
379.24,0.446561988
379.415,0.446542011
379.582,0.446512046
379.747,0.446482081
379.914,0.446452116
380.073,0.44642215
380.244,0.446382197
380.407,0.446342243
380.575,0.446302289
380.756,0.446252347
380.924,0.446212394
381.086,0.446182428
381.246,0.446142475
381.415,0.446102521
381.585,0.446082544
381.748,0.446042591
381.919,0.446012625
382.087,0.44598266
382.259,0.445962683
382.432,0.445932718
382.598,0.445902753
382.757,0.445872788
382.928,0.445852811
383.099,0.445832834
383.266,0.445802869
383.433,0.445772903
383.6,0.445742938
383.77,0.445722961
383.943,0.445692996
384.106,0.445663031
384.274,0.445633066
384.447,0.445593112
384.612,0.445553158
384.772,0.445523193
384.947,0.445483239
385.116,0.445443286
385.286,0.445393344
385.449,0.44535339
385.617,0.445313436
385.786,0.445283471
385.962,0.445253506
386.124,0.445233529
386.291,0.445213552
386.455,0.445193575
386.628,0.445153622
386.796,0.445133645
386.959,0.445093691
387.122,0.445053738
387.295,0.445013784
387.462,0.44497383
387.63,0.444923888
387.793,0.444883935
387.958,0.444843981
388.126,0.444794039
388.292,0.444764074
388.46,0.44472412
388.627,0.444684166
388.794,0.444644213
388.963,0.444604259
389.12,0.444574294
389.299,0.444544329
389.461,0.444514363
389.632,0.44447441
389.801,0.444444444
389.959,0.444404491
390.126,0.444364537
390.301,0.444324583
390.468,0.44428463
390.638,0.444234688
390.798,0.444194734
390.966,0.44415478
391.127,0.444114827
391.296,0.444084862
391.473,0.444054896
391.638,0.444024931
391.802,0.443984977
391.969,0.443955012
392.139,0.443915059
392.311,0.443875105
392.483,0.443835151
392.647,0.443795198
392.813,0.443755244
392.982,0.44371529
393.141,0.443665348
393.313,0.443625395
393.478,0.443575452
393.645,0.44352551
393.811,0.443475568
393.975,0.443435615
394.146,0.443395661
394.323,0.443355707
394.493,0.443315754
394.659,0.443265812
394.821,0.443225858
394.992,0.443175916
395.156,0.443125974
395.322,0.443076032
395.493,0.44302609
395.657,0.442976148
395.82,0.442916217
395.993,0.442866275
396.16,0.442826321
396.334,0.442786368
396.499,0.442746414
396.661,0.442716449
396.832,0.442676495
396.997,0.442626553
397.155,0.4425866
397.325,0.442526669
397.498,0.442476727
397.666,0.442426785
397.825,0.442376843
397.997,0.442326901
398.16,0.442286947
398.33,0.442237005
398.505,0.442187063
398.666,0.442137121
398.835,0.442087179
399.005,0.442047225
399.17,0.441987295
399.336,0.441937353
399.503,0.441887411
399.684,0.44182748
399.839,0.441777538
400.006,0.441717608
400.178,0.441667666
400.345,0.441607735
400.516,0.441557793
400.679,0.441497862
400.849,0.441437932
401.013,0.44138799
401.185,0.441338048
401.344,0.441278117
401.511,0.441218187
401.682,0.441168245
401.85,0.441108314
402.022,0.441058372
402.186,0.440998442
402.35,0.4409485
402.521,0.440898558
402.693,0.440858604
402.861,0.440808662
403.023,0.440748731
403.19,0.440688801
403.361,0.440618882
403.533,0.440548963
403.7,0.440489033
403.865,0.440409125
404.034,0.440349195
404.202,0.440279276
404.371,0.440209357
404.543,0.440139438
404.699,0.440069519
404.878,0.440009589
405.038,0.43993967
405.211,0.439869751
405.377,0.439809821
405.538,0.43974989
405.707,0.439679971
405.88,0.439620041
406.047,0.439550122
406.221,0.439490191
406.384,0.439410284
406.552,0.439340365
406.719,0.439260458
406.882,0.439190539
407.055,0.439110632
407.23,0.439040713
407.394,0.438970794
407.556,0.438890887
407.723,0.438820968
407.889,0.43874106
408.054,0.438671141
408.223,0.438591234
408.392,0.438511327
408.559,0.43843142
408.725,0.438361501
408.891,0.438291582
409.059,0.438211674
409.224,0.438131767
409.39,0.43805186
409.564,0.437971953
409.734,0.437902034
409.906,0.437822126
410.075,0.437732231
410.235,0.437652323
410.406,0.437562428
410.572,0.43748252
410.74,0.437382636
410.911,0.437282752
411.081,0.437192856
411.251,0.437092972
411.425,0.436993088
411.591,0.436893204
411.756,0.436803308
411.919,0.436713412
412.091,0.436623517
412.267,0.436533621
412.436,0.436453714
412.593,0.436373806
412.758,0.436283911
412.932,0.436184027
413.104,0.436094131
413.264,0.435994247
413.433,0.435894363
413.601,0.435794478
413.767,0.435694594
413.939,0.43559471
414.108,0.435494826
414.276,0.435394942
414.448,0.435295058
414.611,0.435195174
414.781,0.435095289
414.952,0.434985417
415.116,0.434875544
415.286,0.434765672
415.456,0.434645811
415.626,0.434535938
415.789,0.434426066
415.954,0.434316193
416.127,0.434206321
416.301,0.434096448
416.471,0.433976587
416.638,0.433866715
416.808,0.433756842
416.977,0.433636981
417.144,0.43351712
417.311,0.433397259
417.479,0.433277398
417.64,0.433167526
417.812,0.433047665
417.97,0.432927804
418.14,0.432787966
418.308,0.432658117
418.476,0.432528267
418.641,0.432388429
418.811,0.432248592
418.986,0.432118742
419.148,0.431978904
419.314,0.431839067
419.482,0.431709217
419.653,0.431579368
419.826,0.43143953
419.995,0.431319669
420.159,0.43118982
420.329,0.43105997
420.489,0.430920133
420.665,0.430780295
420.841,0.430630469
421,0.430480642
421.17,0.430330816
421.343,0.43018099
421.507,0.430011187
421.672,0.429861361
421.838,0.429701546
422.002,0.429541732
422.172,0.429391905
422.341,0.429232091
422.509,0.429082265
422.677,0.42892245
422.849,0.428772624
423.015,0.428602821
423.186,0.428443006
423.354,0.428283191
423.525,0.428113388
423.688,0.427933597
423.861,0.427753806
424.03,0.427574014
424.193,0.427394223
424.356,0.42722442
424.523,0.42703464
424.692,0.42684486
424.855,0.426665069
425.024,0.426475289
425.196,0.426295497
425.366,0.426115706
425.538,0.425925926
425.702,0.425746134
425.873,0.425556355
426.039,0.425376563
426.205,0.425186783
426.375,0.424997003
426.546,0.424797235
426.713,0.424607455
426.882,0.424407687
427.052,0.424207919
427.222,0.423998162
427.378,0.423788405
427.545,0.42356866
427.72,0.423358904
427.892,0.423149147
428.054,0.42293939
428.215,0.422719645
428.379,0.4224999
428.548,0.422270167
428.719,0.422050422
428.887,0.4218107
429.055,0.421570978
429.221,0.421331256
429.382,0.421101522
429.547,0.420871789
429.716,0.420632067
429.887,0.420402333
430.05,0.420162611
430.218,0.419922889
430.39,0.419683168
430.56,0.419443446
430.726,0.419193735
430.896,0.418944025
431.052,0.418694315
431.228,0.418434616
431.399,0.418174917
431.571,0.41790523
431.74,0.417645531
431.901,0.417375844
432.067,0.41708618
432.232,0.416806504
432.407,0.41651684
432.572,0.416227176
432.737,0.415937512
432.902,0.415647848
433.078,0.415358185
433.24,0.415068521
433.408,0.414778857
433.574,0.414489193
433.747,0.414199529
433.911,0.413909865
434.075,0.413620201
434.242,0.413320548
434.409,0.413020896
434.574,0.412711255
434.742,0.412401614
434.912,0.412091973
435.084,0.411772344
435.254,0.411462703
435.424,0.411143074
435.583,0.410823445
435.752,0.410503816
435.928,0.410174198
436.088,0.40984458
436.257,0.409504974
436.429,0.409165368
436.594,0.408815774
436.757,0.408466179
436.927,0.408116585
437.097,0.40776699
437.268,0.407417396
437.433,0.407057813
437.604,0.40669823
437.759,0.406338647
437.935,0.405979064
438.109,0.405619481
438.271,0.405239922
438.439,0.40487035
438.604,0.404490791
438.768,0.404111231
438.934,0.403711694
439.107,0.403322146
439.274,0.40292261
439.436,0.402533062
439.597,0.402133525
439.773,0.401733989
439.935,0.401334452
440.105,0.400934915
440.274,0.400535379
440.439,0.400135842
440.61,0.399736306
440.777,0.399336769
440.946,0.398927244
441.11,0.398507731
441.276,0.398088218
441.443,0.397668704
441.613,0.397249191
441.78,0.396819689
441.948,0.396370211
442.118,0.39593072
442.281,0.39549123
442.448,0.39505174
442.612,0.394602261
442.776,0.394152783
442.944,0.393693316
443.117,0.393243837
443.283,0.39278437
443.45,0.392324903
443.607,0.391865436
443.772,0.391405969
443.938,0.390936514
444.106,0.390477047
444.281,0.390007591
444.454,0.389538136
444.619,0.38906868
444.791,0.388589236
444.949,0.388109793
445.129,0.387630349
445.289,0.387150905
445.46,0.386671461
445.619,0.38617204
445.783,0.38567262
445.952,0.385193176
446.115,0.384703744
446.283,0.384214311
446.45,0.383714891
446.626,0.383225458
446.79,0.382736026
446.957,0.382226617
447.12,0.381727196
447.295,0.381217787
447.462,0.380708378
447.625,0.380198969
447.792,0.37968956
447.959,0.379180151
448.125,0.378660754
448.296,0.378151344
448.466,0.377631947
448.63,0.377102561
448.801,0.376573175
448.971,0.376033801
449.133,0.375504415
449.302,0.374965041
449.462,0.374405689
449.628,0.373856327
449.802,0.373316952
449.966,0.37276759
450.133,0.372228215
450.299,0.371688841
450.467,0.371149467
450.635,0.370610092
450.806,0.370070718
450.97,0.369531344
451.135,0.368981981
451.307,0.368432618
451.476,0.367883255
451.639,0.367313916
451.799,0.366764553
451.969,0.366205202
452.137,0.365645851
452.301,0.365076511
452.469,0.364507172
452.632,0.363947821
452.802,0.363378481
452.968,0.362799153
453.134,0.362229813
453.297,0.361660474
453.47,0.361091134
453.643,0.360531783
453.804,0.359962444
453.968,0.359393104
454.143,0.358823764
454.308,0.358254425
454.476,0.357685085
454.642,0.357095769
454.82,0.356516441
454.975,0.355937113
455.142,0.355357785
455.308,0.354778457
455.479,0.354199129
455.636,0.353619801
455.814,0.353040473
455.979,0.352471133
456.15,0.351891806
456.323,0.351322466
456.484,0.350743138
456.647,0.35016381
456.821,0.349584482
456.989,0.348995166
457.156,0.348415838
457.324,0.34783651
457.493,0.34726717
457.657,0.346687842
457.827,0.346108514
457.986,0.345539175
458.162,0.344959847
458.329,0.344390507
458.491,0.343811179
458.657,0.343241839
458.823,0.3426725
458.995,0.342113149
459.163,0.341553798
459.332,0.340994446
459.497,0.340435095
459.667,0.339885733
459.832,0.339326381
460,0.338777019
460.163,0.338217668
460.336,0.337668305
460.504,0.337108954
460.667,0.336549602
460.838,0.33600024
461.004,0.335440889
461.169,0.334871549
461.338,0.334302209
461.503,0.333712893
461.662,0.333113588
461.831,0.332504295
461.993,0.331865037
462.156,0.331165848
462.317,0.330476647
462.478,0.329757481
462.643,0.329028327
462.807,0.328299173
462.964,0.3275001
463.124,0.32674098
463.288,0.325991849
463.459,0.32523273
463.621,0.324483599
463.785,0.323744456
463.947,0.323015302
464.112,0.322286148
464.276,0.321566982
464.44,0.320877782
464.606,0.320188581
464.77,0.319489392
464.94,0.318790203
465.108,0.31812098
465.269,0.317451756
465.431,0.316792521
465.593,0.316133285
465.765,0.315494027
465.925,0.314884734
466.098,0.31427544
466.262,0.313676136
466.423,0.313086819
466.589,0.312537457
466.754,0.311978105
466.925,0.311418754
467.093,0.310859403
467.257,0.310300052
467.421,0.309740701
467.573,0.309171361
467.742,0.308592033
467.906,0.308012705
468.077,0.307423389
468.241,0.306824084
468.401,0.306234768
468.564,0.305645451
468.731,0.305046146
468.896,0.304446842
469.068,0.303847537
469.235,0.303248232
469.389,0.302658916
469.551,0.302069599
469.715,0.301490271
469.877,0.300910943
470.047,0.300331615
470.21,0.299752287
470.374,0.299182948
470.541,0.298613608
470.701,0.298024292
470.868,0.297444964
471.027,0.296855647
471.189,0.296256343
471.351,0.295667026
471.515,0.295067721
471.682,0.294478405
471.849,0.293889089
472.019,0.293309761
472.178,0.292730433
472.336,0.292161093
472.493,0.29161173
472.655,0.291052379
472.831,0.290503017
473,0.289953654
473.161,0.289424268
473.326,0.28890487
473.487,0.288385473
473.65,0.287876064
473.822,0.287376643
473.986,0.286897199
474.15,0.286407767
474.313,0.285928323
474.473,0.285448879
474.636,0.284969435
474.804,0.284489992
474.977,0.284000559
475.13,0.283501139
475.288,0.283001718
475.455,0.282482321
475.612,0.281962923
475.774,0.281453514
475.941,0.280944105
476.102,0.280444684
476.27,0.279945263
476.431,0.279455831
476.596,0.278976387
476.768,0.278496944
476.951,0.278037477
477.132,0.277558033
477.297,0.277078589
477.457,0.276609133
477.621,0.276149666
477.797,0.275690199
477.964,0.275250709
478.129,0.274831196
478.297,0.274421671
478.469,0.274062088
478.629,0.273692517
478.787,0.273312957
478.951,0.272943386
479.119,0.272583803
479.288,0.272234208
479.448,0.271874625
479.608,0.271505054
479.774,0.271145471
479.936,0.270765912
480.108,0.270386352
480.266,0.270006792
480.426,0.269617244
480.589,0.269217707
480.754,0.268808183
480.915,0.268408646
481.07,0.268009109
481.235,0.267619561
481.402,0.267220025
481.563,0.266830477
481.728,0.266440929
481.888,0.26605138
482.048,0.265661832
482.213,0.265272284
482.377,0.264882736
482.538,0.264493188
482.696,0.264113628
482.861,0.26372408
483.034,0.26334452
483.21,0.262964961
483.377,0.262605378
483.548,0.262235806
483.715,0.261906189
483.876,0.261566583
484.054,0.261236965
484.211,0.260917336
484.377,0.260617683
484.545,0.260308043
484.714,0.26000839
484.872,0.259698749
485.04,0.259399097
485.213,0.259099445
485.38,0.258799792
485.555,0.258490151
485.72,0.258170522
485.899,0.257840905
486.069,0.257511287
486.238,0.257171681
486.407,0.256842063
486.581,0.256512446
486.755,0.256182828
486.928,0.25585321
487.096,0.255533581
487.266,0.25522394
487.439,0.254944265
487.605,0.254664589
487.78,0.254374925
487.954,0.254105238
488.117,0.253825562
488.286,0.253575852
488.458,0.253306165
488.619,0.253046466
488.796,0.252776779
488.968,0.252507092
489.141,0.252237405
489.303,0.251977706
489.47,0.251718007
489.644,0.25144832
489.807,0.251188621
489.976,0.250938911
490.144,0.250679212
490.309,0.250429502
490.475,0.250179791
490.648,0.24994007
490.815,0.249700348
490.978,0.249470614
491.151,0.249230892
491.324,0.249011147
491.492,0.248781414
491.66,0.24855168
491.832,0.248321947
492.002,0.248092213
492.168,0.247872468
492.336,0.247652723
492.497,0.247442966
492.677,0.247223221
492.852,0.247013464
493.015,0.246803708
493.185,0.246583963
493.351,0.246374206
493.523,0.246154461
493.69,0.245944704
493.86,0.245744936
494.032,0.245545168
494.203,0.245345399
494.366,0.245165608
494.537,0.244985816
494.703,0.244796037
494.877,0.244606257
495.05,0.244426465
495.23,0.244246674
495.412,0.244066882
495.589,0.243897079
495.756,0.243717288
495.912,0.243557473
496.071,0.24338767
496.237,0.243217867
496.408,0.243038076
496.571,0.242878261
496.739,0.242708458
496.898,0.242538655
497.069,0.242378841
497.235,0.242209038
497.402,0.242049223
497.576,0.24187942
497.745,0.241719605
497.908,0.241549802
498.071,0.241399976
498.241,0.241240161
498.41,0.241090335
498.571,0.240940509
498.746,0.240790683
498.906,0.240640857
499.07,0.24049103
499.233,0.240351193
499.407,0.240211355
499.582,0.240071517
499.744,0.239931679
499.906,0.239791841
500.078,0.239642015
500.247,0.239502177
500.414,0.23936234
500.58,0.23923249
500.745,0.239092653
500.92,0.238952815
501.089,0.238822965
501.259,0.238693116
501.425,0.238553278
501.585,0.238433417
501.762,0.238303568
501.932,0.23816373
502.093,0.238033881
502.261,0.23791402
502.429,0.23778417
502.597,0.237664309
502.772,0.23753446
502.949,0.237414599
503.129,0.23728475
503.297,0.237164889
503.459,0.237055016
503.62,0.236935155
503.795,0.236815294
503.955,0.236695433
504.125,0.236585561
504.29,0.2364657
504.456,0.236355827
504.629,0.236245955
504.788,0.236136082
504.956,0.236036198
505.126,0.235936314
505.289,0.235826441
505.458,0.235726557
505.619,0.235626673
505.795,0.235526789
505.96,0.235426905
506.134,0.235327021
506.297,0.235227137
506.464,0.235127252
506.632,0.235027368
506.809,0.234927484
506.969,0.2348276
507.133,0.234727716
507.308,0.234627832
507.484,0.234527948
507.657,0.234428063
507.824,0.234328179
507.99,0.234228295
508.15,0.234118423
508.31,0.234018538
508.484,0.233918654
508.651,0.23381877
508.82,0.233718886
508.986,0.23362899
509.152,0.233539095
509.323,0.233449199
509.486,0.233369292
509.655,0.233289384
509.82,0.233209477
509.98,0.23312957
510.156,0.233049662
510.323,0.232969755
510.485,0.232879859
510.657,0.232799952
510.824,0.232720045
510.985,0.232640137
511.153,0.232550242
511.318,0.232470334
511.486,0.232400416
511.652,0.232320508
511.813,0.232240601
511.981,0.232160694
512.141,0.232080786
512.306,0.232010867
512.478,0.23193096
512.642,0.231851053
512.81,0.231781134
512.979,0.231711215
513.143,0.231631308
513.313,0.231561389
513.482,0.23149147
513.65,0.231421551
513.813,0.231341644
513.985,0.231271725
514.145,0.231211794
514.317,0.231141875
514.486,0.231081945
514.667,0.231022014
514.84,0.230972072
515.016,0.230902154
515.171,0.230832235
515.326,0.230762316
515.492,0.230692397
515.662,0.230622478
515.825,0.230552559
515.996,0.23048264
516.172,0.23042271
516.335,0.230362779
516.491,0.230302849
516.659,0.230252907
516.82,0.230202965
516.982,0.230153022
517.159,0.230093092
517.324,0.23004315
517.49,0.229983219
517.647,0.229913301
517.816,0.22985337
517.983,0.229783451
518.146,0.229723521
518.317,0.22966359
518.476,0.22960366
518.642,0.229543729
518.813,0.229483799
518.973,0.229423868
519.14,0.229373926
519.311,0.229313996
519.474,0.229264054
519.637,0.229214112
519.807,0.229154181
519.971,0.229114227
520.144,0.229074274
520.316,0.229024332
520.474,0.228984378
520.642,0.228944424
520.805,0.228894482
520.972,0.228854529
521.138,0.228804587
521.307,0.228754645
521.475,0.228714691
521.638,0.228664749
521.808,0.228624795
521.968,0.228574853
522.134,0.228514923
522.3,0.228464981
522.464,0.22840505
522.629,0.22834512
522.795,0.228295178
522.961,0.228235247
523.134,0.228185305
523.294,0.228145351
523.461,0.228105398
523.626,0.228085421
523.795,0.228045467
523.963,0.228005514
524.128,0.22796556
524.29,0.227915618
524.456,0.227855687
524.626,0.227805745
524.798,0.227755803
524.962,0.22771585
525.133,0.227665908
525.3,0.227625954
525.471,0.227576012
525.634,0.227536058
525.802,0.227496105
525.974,0.227456151
526.145,0.227416197
526.308,0.227376244
526.474,0.227346278
526.649,0.227316313
526.814,0.227296336
526.983,0.227266371
527.147,0.227226417
527.308,0.227196452
527.481,0.227156498
527.645,0.227116545
527.82,0.227076591
527.984,0.227046626
528.147,0.226996684
528.309,0.226966719
528.48,0.226926765
528.653,0.2268968
528.819,0.226856846
528.984,0.226836869
529.159,0.226796916
529.318,0.22676695
529.486,0.226726997
529.649,0.226687043
529.82,0.226647089
529.98,0.226607136
530.153,0.226567182
530.319,0.226537217
530.488,0.226497263
530.657,0.22645731
530.822,0.226417356
530.98,0.226377402
531.157,0.226337449
531.319,0.226297495
531.488,0.22626753
531.657,0.226237564
531.833,0.226207599
532.011,0.226177634
532.182,0.226147669
532.344,0.226107715
532.501,0.22607775
532.668,0.226057773
532.831,0.226027808
532.988,0.226007831
533.154,0.225977866
533.32,0.225937912
533.485,0.225897958
533.657,0.225858005
533.824,0.225818051
533.992,0.225778097
534.154,0.225748132
534.318,0.225708179
534.472,0.225678213
534.637,0.225648248
534.801,0.225618283
534.97,0.225598306
535.138,0.225588318
535.313,0.225558352
535.482,0.225538375
535.647,0.225518399
535.806,0.225498422
535.969,0.225478445
536.147,0.225458468
536.308,0.225438491
536.475,0.225418515
536.638,0.225388549
536.803,0.225368572
536.971,0.225338607
537.137,0.22531863
537.309,0.225288665
537.477,0.225268688
537.644,0.225238723
537.818,0.225208758
537.981,0.225178793
538.157,0.225148827
538.319,0.225128851
538.48,0.225098885
538.65,0.22506892
538.819,0.225048943
538.983,0.225018978
539.146,0.224989013
539.312,0.224959048
539.485,0.224929082
539.65,0.224899117
539.826,0.224869152
539.996,0.224839187
540.158,0.22481921
540.329,0.224789244
540.489,0.224769268
540.658,0.224739302
540.827,0.224719326
540.99,0.224699349
541.175,0.224679372
541.349,0.224659395
541.522,0.224639418
541.685,0.224619441
541.846,0.224599465
542.017,0.224579488
542.185,0.224559511
542.353,0.224539534
542.522,0.224519557
542.69,0.224489592
542.853,0.224469615
543.02,0.22443965
543.194,0.224419673
543.36,0.224389708
543.522,0.224369731
543.697,0.224339766
543.855,0.224319789
544.026,0.224299812
544.188,0.224289824
544.353,0.224269847
544.529,0.224259859
544.694,0.224239882
544.859,0.224219905
545.029,0.22418994
545.202,0.224169963
545.371,0.224139998
545.546,0.224110032
545.71,0.224080067
545.887,0.224070079
546.052,0.224050102
546.231,0.224040113
546.39,0.224030125
546.559,0.224010148
546.734,0.223990171
546.904,0.223960206
547.071,0.223930241
547.236,0.223900276
547.414,0.22387031
547.59,0.223840345
547.755,0.22381038
547.917,0.223770426
548.087,0.223750449
548.26,0.223720484
548.426,0.223700507
548.599,0.223680531
548.77,0.223670542
548.936,0.223660554
549.103,0.223650565
549.278,0.223650565
549.445,0.223640577
549.618,0.223630589
549.781,0.2236206
549.953,0.223610612
550.116,0.223590635
550.284,0.223570658
550.461,0.223550681
550.628,0.223530704
550.789,0.223500739
550.961,0.223490751
551.13,0.223470774
551.299,0.223450797
551.472,0.22343082
551.637,0.223410843
551.805,0.223400855
551.979,0.223390867
552.143,0.22337089
552.311,0.223360901
552.485,0.223340925
552.656,0.223320948
552.823,0.223300971
552.989,0.223271006
553.166,0.22324104
553.329,0.223221064
553.496,0.223201087
553.671,0.22318111
553.837,0.223171121
554.004,0.223161133
554.176,0.223151145
554.342,0.223141156
554.504,0.223131168
554.671,0.223121179
554.844,0.223101203
555.01,0.223081226
555.178,0.223061249
555.345,0.223031284
555.514,0.223011307
555.684,0.222981342
555.856,0.222951376
556.021,0.2229314
556.18,0.222911423
556.345,0.222891446
556.512,0.222881458
556.691,0.222861481
556.846,0.222851492
557.006,0.222831515
557.185,0.222831515
557.351,0.222821527
557.514,0.222821527
557.682,0.222811539
557.848,0.22280155
558.017,0.222791562
558.18,0.222781573
558.35,0.222771585
558.517,0.222761597
558.686,0.22274162
558.851,0.222721643
559.021,0.222711654
559.181,0.222691678
559.346,0.222681689
559.512,0.222661712
559.681,0.222641736
559.85,0.222621759
560.017,0.222601782
560.189,0.222581805
560.359,0.222561828
560.52,0.222541851
560.682,0.222521875
560.848,0.222501898
561.016,0.222491909
561.184,0.222471933
561.343,0.222471933
561.517,0.222461944
561.686,0.222451956
561.848,0.222441967
562.006,0.222441967
562.18,0.222431979
562.347,0.22242199
562.522,0.222402014
562.689,0.222382037
562.849,0.222352072
563.009,0.222332095
563.173,0.222312118
563.339,0.222292141
563.51,0.222262176
563.679,0.222242199
563.839,0.222222222
564.008,0.222202245
564.167,0.222192257
564.334,0.22217228
564.5,0.222162292
564.661,0.222152303
564.829,0.222152303
565,0.222142315
565.166,0.222142315
565.337,0.222132327
565.505,0.222122338
565.662,0.22211235
565.832,0.222092373
565.997,0.222082384
566.169,0.222072396
566.338,0.222062408
566.508,0.222052419
566.671,0.222052419
566.836,0.222042431
567,0.222022454
567.166,0.222012466
567.326,0.221992489
567.495,0.2219825
567.669,0.221972512
567.84,0.221962523
568.007,0.221952535
568.172,0.221942547
568.333,0.22192257
568.506,0.221912581
568.682,0.221902593
568.844,0.221882616
569.015,0.221872628
569.18,0.221862639
569.351,0.221842663
569.521,0.221832674
569.689,0.221822686
569.856,0.221812697
570.021,0.221802709
570.196,0.221782732
570.356,0.221772744
570.528,0.221762755
570.691,0.221742778
570.855,0.221722802
571.021,0.221712813
571.188,0.221692836
571.361,0.221682848
571.524,0.221662871
571.692,0.221652883
571.858,0.221642894
572.024,0.221642894
572.197,0.221632906
572.373,0.221622917
572.537,0.221612929
572.708,0.221602941
572.877,0.221592952
573.044,0.221582964
573.208,0.221572975
573.375,0.221562987
573.548,0.221552999
573.712,0.221552999
573.871,0.221533022
574.042,0.221523033
574.213,0.221493068
574.372,0.221473091
574.545,0.221453114
574.71,0.221433138
574.882,0.221403172
575.039,0.221383195
575.202,0.221363219
575.366,0.22135323
575.532,0.221333253
575.704,0.221323265
575.867,0.221313277
576.037,0.221303288
576.195,0.221283311
576.368,0.221273323
576.534,0.221263335
576.701,0.221253346
576.873,0.221253346
577.035,0.221243358
577.2,0.221243358
577.368,0.221243358
577.531,0.221243358
577.707,0.221243358
577.881,0.221243358
578.041,0.221243358
578.204,0.221243358
578.363,0.221243358
578.539,0.221233369
578.707,0.221213392
578.874,0.221183427
579.035,0.22116345
579.202,0.221143474
579.361,0.221123497
579.532,0.22110352
579.708,0.22110352
579.868,0.221083543
580.038,0.221073555
580.197,0.221083543
580.363,0.221073555
580.527,0.221063566
580.698,0.221043589
580.86,0.221023613
581.025,0.221003636
581.203,0.220993647
581.366,0.220973671
581.533,0.220963682
581.699,0.220973671
581.863,0.220973671
582.031,0.220973671
582.2,0.220973671
582.369,0.220963682
582.544,0.220953694
582.7,0.220943705
582.869,0.220923728
583.039,0.22091374
583.195,0.220883775
583.366,0.220873786
583.535,0.22085381
583.707,0.220843821
583.872,0.220833833
584.037,0.220813856
584.203,0.220803868
584.375,0.220793879
584.539,0.220773902
584.706,0.220763914
584.876,0.220763914
585.041,0.220753925
585.207,0.220743937
585.377,0.220753925
585.541,0.220743937
585.714,0.220733949
585.882,0.22072396
586.046,0.220713972
586.212,0.220693995
586.377,0.220684007
586.549,0.220674018
586.72,0.22066403
586.892,0.220654041
587.06,0.220654041
587.223,0.220654041
587.386,0.220644053
587.547,0.220634064
587.715,0.220624076
587.876,0.220614088
588.041,0.220594111
588.209,0.220584122
588.377,0.220564146
588.547,0.220544169
588.719,0.220524192
588.886,0.220504215
589.048,0.220484238
589.216,0.220484238
589.385,0.220484238
589.549,0.220484238
589.714,0.220484238
589.882,0.220494227
590.054,0.220494227
590.222,0.220484238
590.39,0.220484238
590.554,0.22047425
590.721,0.220464261
590.888,0.220454273
591.058,0.220444285
591.224,0.220424308
591.383,0.220414319
591.553,0.220404331
591.727,0.220384354
591.89,0.220374366
592.054,0.220364377
592.218,0.220364377
592.384,0.220354389
592.56,0.2203444
592.732,0.220334412
592.899,0.220324424
593.067,0.220314435
593.23,0.220304447
593.399,0.22028447
593.559,0.220274482
593.727,0.220264493
593.898,0.220264493
594.069,0.220254505
594.23,0.220234528
594.397,0.22022454
594.564,0.220214551
594.74,0.220204563
594.906,0.220184586
595.075,0.220174597
595.236,0.220164609
595.402,0.220164609
595.573,0.220154621
595.741,0.220144632
595.905,0.220154621
596.072,0.220144632
596.24,0.220144632
596.407,0.220144632
596.569,0.220144632
596.734,0.220134644
596.898,0.220124655
597.066,0.220114667
597.237,0.220104679
597.409,0.220084702
597.576,0.220064725
597.736,0.220054737
597.906,0.220044748
598.072,0.22003476
598.241,0.220014783
598.415,0.219994806
598.581,0.219964841
598.747,0.219944864
598.91,0.219924887
599.081,0.219914899
599.256,0.21990491
599.429,0.21990491
599.588,0.21990491
599.742,0.219924887
599.91,0.219924887
600.078,0.219934876
600.245,0.219924887
600.419,0.219914899
600.589,0.21990491
600.759,0.219894922
600.924,0.219884933
601.086,0.219864957
601.254,0.21984498
601.424,0.219825003
601.599,0.219805026
601.771,0.219795038
601.942,0.219785049
602.101,0.219785049
602.269,0.219775061
602.437,0.219775061
602.613,0.219765073
602.775,0.219765073
602.938,0.219765073
603.105,0.219765073
603.271,0.219755084
603.442,0.219745096
603.606,0.219725119
603.776,0.21971513
603.949,0.219705142
604.115,0.219685165
604.287,0.219675177
604.453,0.219665188
604.618,0.2196552
604.789,0.2196552
604.954,0.2196552
605.115,0.219645212
605.289,0.219645212
605.455,0.219635223
605.631,0.219625235
605.796,0.219605258
605.963,0.219595269
606.138,0.219585281
606.298,0.219565304
606.459,0.219545327
606.632,0.219525351
606.804,0.219505374
606.967,0.219495385
607.131,0.219475409
607.292,0.219475409
607.469,0.21946542
607.643,0.21946542
607.81,0.21946542
607.973,0.21946542
608.147,0.219455432
608.314,0.219445443
608.493,0.219435455
608.646,0.219425466
608.806,0.219415478
608.976,0.21940549
609.146,0.21940549
609.316,0.21940549
609.483,0.219425466
609.64,0.219425466
609.806,0.219415478
609.98,0.21940549
610.146,0.21940549
610.316,0.219365536
610.48,0.219345559
610.652,0.219325582
610.809,0.219305605
610.98,0.219285629
611.153,0.21927564
611.321,0.219265652
611.484,0.219255663
611.653,0.219245675
611.82,0.219245675
611.984,0.219245675
612.155,0.219245675
612.325,0.219245675
612.495,0.219245675
612.662,0.219245675
612.832,0.219245675
612.999,0.219235687
613.166,0.219225698
613.327,0.219205721
613.492,0.219195733
613.663,0.219185745
613.829,0.219175756
613.996,0.219165768
614.162,0.219155779
614.329,0.219155779
614.5,0.219145791
614.67,0.219145791
614.833,0.219145791
614.998,0.219135802
615.155,0.219125814
615.326,0.219115826
615.496,0.219095849
615.66,0.21908586
615.824,0.219075872
615.99,0.219065884
616.161,0.219055895
616.324,0.219045907
616.501,0.21902593
616.668,0.219015942
616.825,0.219005953
616.982,0.218995965
617.153,0.218995965
617.321,0.218995965
617.492,0.218995965
617.654,0.218985976
617.823,0.218995965
617.983,0.218995965
618.154,0.218985976
618.319,0.218975988
618.483,0.218946023
618.649,0.218926046
618.81,0.218906069
618.98,0.218896081
619.151,0.218876104
619.314,0.218876104
619.478,0.218866115
619.647,0.218856127
619.812,0.218846138
619.974,0.218856127
620.141,0.218846138
620.302,0.21883615
620.472,0.218826162
620.639,0.218816173
620.81,0.218796196
620.964,0.218786208
621.127,0.21877622
621.295,0.218766231
621.465,0.218756243
621.637,0.218756243
621.806,0.218756243
621.971,0.218746254
622.135,0.218736266
622.306,0.218726278
622.469,0.218716289
622.635,0.218696312
622.819,0.218686324
622.976,0.218676335
623.144,0.218666347
623.319,0.218656359
623.479,0.218656359
623.644,0.21864637
623.805,0.21864637
623.978,0.21864637
624.148,0.21864637
624.316,0.21864637
624.483,0.21864637
624.653,0.218636382
624.823,0.218626393
624.982,0.218616405
625.152,0.218606417
625.316,0.21858644
625.486,0.218566463
625.654,0.218556474
625.827,0.218546486
625.991,0.218526509
626.158,0.218516521
626.327,0.218506532
626.491,0.218486556
626.659,0.218476567
626.818,0.218466579
626.989,0.218466579
627.158,0.21845659
627.323,0.218446602
627.497,0.21845659
627.659,0.218446602
627.831,0.218446602
628.001,0.218446602
628.162,0.218436614
628.326,0.218426625
628.496,0.218416637
628.665,0.21839666
628.832,0.218386671
629.001,0.218376683
629.165,0.218366695
629.334,0.218356706
629.497,0.218356706
629.676,0.218346718
629.847,0.218346718
630.004,0.218346718
630.166,0.218346718
630.339,0.218336729
630.507,0.218326741
630.664,0.218316753
630.84,0.218296776
631.004,0.218286787
631.171,0.218276799
631.346,0.21826681
631.513,0.21826681
631.671,0.218256822
631.845,0.218246834
632.011,0.218236845
632.18,0.218226857
632.342,0.218216868
632.509,0.21820688
632.671,0.218186903
632.839,0.218176915
633.006,0.218166926
633.183,0.218156938
633.346,0.218156938
633.515,0.218156938
633.689,0.21814695
633.856,0.21814695
634.013,0.21814695
634.181,0.21814695
634.347,0.21814695
634.513,0.21814695
634.682,0.21814695
634.853,0.218136961
635.015,0.218126973
635.176,0.218116984
635.344,0.218097007
635.507,0.218087019
635.674,0.218067042
635.841,0.218047065
636.01,0.218027089
636.172,0.218007112
636.335,0.217997123
636.503,0.217977147
636.677,0.217967158
636.846,0.21795717
637.015,0.21795717
637.178,0.217947181
637.342,0.217947181
637.506,0.217947181
637.678,0.217947181
637.85,0.217947181
638.023,0.217947181
638.191,0.217947181
638.355,0.217947181
638.517,0.217937193
638.685,0.217927204
638.848,0.217907228
639.017,0.217897239
639.183,0.217887251
639.351,0.217877262
639.519,0.217867274
639.69,0.217857286
639.856,0.217857286
640.026,0.217847297
640.192,0.217847297
640.358,0.217847297
640.522,0.217847297
640.691,0.217847297
640.864,0.217847297
641.029,0.217837309
641.195,0.21782732
641.36,0.217817332
641.528,0.217807343
641.694,0.217787367
641.862,0.217777378
642.029,0.21776739
642.197,0.217757401
642.359,0.217737425
642.532,0.217727436
642.707,0.217717448
642.872,0.217707459
643.028,0.217687483
643.193,0.217667506
643.366,0.217647529
643.54,0.217627552
643.705,0.217607575
643.873,0.217597587
644.041,0.217587598
644.205,0.217587598
644.368,0.217587598
644.527,0.217587598
644.697,0.21757761
644.867,0.217587598
645.038,0.21757761
645.209,0.21757761
645.376,0.21757761
645.539,0.217567622
645.702,0.217557633
645.863,0.217557633
646.038,0.217547645
646.212,0.217547645
646.38,0.217537656
646.542,0.217527668
646.703,0.217517679
646.869,0.217507691
647.036,0.217487714
647.203,0.217467737
647.378,0.217457749
647.55,0.217457749
647.721,0.217447761
647.885,0.217447761
648.048,0.217447761
648.213,0.217447761
648.384,0.217447761
648.555,0.217447761
648.726,0.217447761
648.891,0.217447761
649.057,0.217447761
649.224,0.217437772
649.398,0.217427784
649.563,0.217417795
649.728,0.217397819
649.897,0.21738783
650.064,0.217377842
650.23,0.217367853
650.399,0.217357865
650.573,0.217357865
650.731,0.217347876
650.9,0.217347876
651.065,0.217337888
651.23,0.2173279
651.402,0.217317911
651.568,0.217287946
651.732,0.217267969
651.897,0.217238004
652.069,0.217228016
652.235,0.217208039
652.401,0.217188062
652.573,0.217178073
652.739,0.217178073
652.906,0.217178073
653.073,0.217188062
653.237,0.21719805
653.404,0.217208039
653.577,0.217208039
653.747,0.217208039
653.912,0.21719805
654.079,0.217188062
654.245,0.217188062
654.409,0.217178073
654.579,0.217158097
654.744,0.217148108
654.914,0.217148108
655.082,0.21713812
655.25,0.217128131
655.412,0.217118143
655.573,0.217098166
655.742,0.217078189
655.907,0.217058212
656.072,0.217028247
656.242,0.217018259
656.403,0.21700827
656.569,0.21700827
656.741,0.21700827
656.903,0.217018259
657.072,0.21700827
657.234,0.21700827
657.402,0.216998282
657.58,0.216978305
657.745,0.216968317
657.911,0.216958328
658.085,0.216958328
658.25,0.21694834
658.419,0.21694834
658.586,0.21694834
658.747,0.21694834
658.913,0.216938352
659.086,0.216938352
659.25,0.216938352
659.424,0.216938352
659.591,0.216938352
659.752,0.216928363
659.918,0.216918375
660.086,0.216908386
660.249,0.216898398
660.422,0.216888409
660.583,0.216878421
660.748,0.216868433
660.919,0.216858444
661.081,0.216838467
661.245,0.216828479
661.424,0.216818491
661.594,0.216798514
661.755,0.216788525
661.923,0.216778537
662.098,0.216768548
662.263,0.21675856
662.426,0.21675856
662.591,0.216748572
662.757,0.216748572
662.925,0.216748572
663.087,0.216748572
663.258,0.216738583
663.43,0.216728595
663.598,0.216708618
663.762,0.21669863
663.938,0.216688641
664.1,0.216678653
664.259,0.216668664
664.424,0.216668664
664.597,0.216658676
664.762,0.216658676
664.934,0.216648688
665.102,0.216648688
665.273,0.216648688
665.435,0.216648688
665.599,0.216638699
665.761,0.216628711
665.925,0.216608734
666.097,0.216598745
666.272,0.216588757
666.433,0.216578769
666.6,0.21656878
666.761,0.216558792
666.933,0.216558792
667.105,0.216548803
667.265,0.216548803
667.427,0.216548803
667.593,0.216538815
667.766,0.216528827
667.93,0.216518838
668.1,0.216498861
668.255,0.216488873
668.429,0.216478884
668.6,0.216468896
668.76,0.216458908
668.925,0.216458908
669.099,0.216458908
669.269,0.216448919
669.441,0.216448919
669.607,0.216448919
669.768,0.216438931
669.933,0.216428942
670.103,0.216418954
670.266,0.216408966
670.432,0.216388989
670.596,0.216369012
670.769,0.216359024
670.942,0.216359024
671.105,0.216359024
671.274,0.216359024
671.437,0.216349035
671.611,0.216349035
671.779,0.216349035
671.938,0.216349035
672.106,0.216349035
672.275,0.216349035
672.438,0.216339047
672.604,0.216329058
672.771,0.21631907
672.943,0.216299093
673.108,0.216289105
673.269,0.216269128
673.437,0.216249151
673.601,0.216229174
673.781,0.216209197
673.949,0.216199209
674.12,0.216179232
674.284,0.216169244
674.45,0.216159255
674.617,0.216159255
674.782,0.216149267
674.951,0.216149267
675.12,0.216149267
675.286,0.216149267
675.456,0.216139278
675.617,0.21612929
675.785,0.216119302
675.958,0.216099325
676.122,0.216089336
676.287,0.216079348
676.453,0.21606936
676.621,0.21606936
676.784,0.216059371
676.948,0.216049383
677.119,0.216049383
677.285,0.216049383
677.443,0.216049383
677.614,0.216049383
677.779,0.216049383
677.951,0.216049383
678.119,0.216039394
678.287,0.216029406
678.451,0.216019417
678.62,0.215999441
678.788,0.215989452
678.956,0.215979464
679.122,0.215969475
679.289,0.215959487
679.457,0.215959487
679.621,0.215959487
679.792,0.215949499
679.956,0.215949499
680.129,0.21593951
680.296,0.215929522
680.467,0.215919533
680.639,0.215909545
680.801,0.215889568
680.971,0.21587958
681.136,0.215869591
681.306,0.215859603
681.469,0.215839626
681.641,0.215829638
681.804,0.215819649
681.973,0.215809661
682.147,0.215789684
682.311,0.215779696
682.476,0.215769707
682.648,0.215769707
682.815,0.215759719
682.977,0.21574973
683.143,0.215759719
683.306,0.21574973
683.479,0.21574973
683.642,0.21574973
683.814,0.21574973
683.98,0.215739742
684.137,0.215729753
684.309,0.215719765
684.479,0.215709777
684.652,0.2156898
684.816,0.215669823
684.975,0.215659835
685.142,0.215659835
685.309,0.215649846
685.475,0.215649846
685.642,0.215649846
685.812,0.215649846
685.972,0.215649846
686.135,0.215639858
686.304,0.215629869
686.479,0.215619881
686.648,0.215609893
686.807,0.215589916
686.967,0.215579927
687.138,0.215569939
687.309,0.21555995
687.482,0.21555995
687.648,0.21555995
687.805,0.215549962
687.96,0.215549962
688.127,0.215539974
688.303,0.215529985
688.475,0.215510008
688.632,0.21550002
688.792,0.215490032
688.96,0.215480043
689.129,0.215470055
689.296,0.215460066
689.459,0.215460066
689.621,0.215450078
689.783,0.215450078
689.965,0.215450078
690.137,0.215450078
690.296,0.215450078
690.451,0.215450078
690.619,0.215440089
690.792,0.215430101
690.977,0.215410124
691.14,0.215380159
691.292,0.215360182
691.442,0.215330217
691.602,0.21531024
691.788,0.215290263
691.975,0.215270286
692.132,0.215280275
692.287,0.215290263
692.444,0.215290263
692.602,0.215290263
692.775,0.215280275
692.956,0.215290263
693.137,0.215280275
693.288,0.215280275
693.444,0.215280275
693.594,0.215270286
693.766,0.215260298
693.955,0.215260298
694.138,0.21525031
694.29,0.21525031
694.428,0.215240321
694.596,0.215230333
694.776,0.215220344
694.967,0.215220344
695.13,0.215200368
695.277,0.215190379
695.419,0.215180391
695.589,0.215170402
695.786,0.215150426
695.964,0.215140437
696.12,0.21512046
696.265,0.215110472
696.423,0.215090495
696.598,0.215080507
696.784,0.215070518
696.962,0.21506053
697.115,0.21506053
697.266,0.215050541
697.423,0.215050541
697.603,0.215050541
697.8,0.215050541
697.963,0.215050541
698.109,0.215050541
698.264,0.215050541
698.432,0.215050541
698.61,0.215050541
698.786,0.215040553
698.956,0.215030565
699.105,0.215020576
699.253,0.215000599
699.411,0.214980622
699.605,0.214960646
699.798,0.21493068
699.959,0.214920692
700.099,0.214900715
700.26,0.214880738
700.427,0.214880738
700.607,0.21487075
700.781,0.214860762
700.942,0.214850773
701.1,0.21487075
701.258,0.21487075
701.432,0.21487075
701.61,0.21487075
701.789,0.21487075
701.956,0.214860762
702.109,0.214850773
702.265,0.214830796
702.434,0.214820808
702.616,0.214790843
702.788,0.214780854
702.96,0.214770866
703.111,0.214760877
703.263,0.214750889
703.443,0.214750889
703.634,0.214750889
703.806,0.214750889
703.953,0.214750889
704.089,0.214740901
704.249,0.214730912
704.439,0.214720924
704.629,0.214710935
704.801,0.214690958
704.949,0.21468097
705.085,0.214670982
705.247,0.214660993
705.436,0.214660993
705.621,0.214660993
705.776,0.214651005
705.913,0.214651005
706.075,0.214651005
706.253,0.214651005
706.439,0.214641016
706.612,0.214631028
706.768,0.21462104
706.913,0.214611051
707.071,0.214591074
707.253,0.214571098
707.447,0.214551121
707.618,0.214531144
707.753,0.214521155
707.903,0.214501179
708.073,0.21449119
708.27,0.214481202
708.445,0.214471213
708.598,0.214461225
708.743,0.214451237
708.9,0.214451237
709.083,0.214441248
709.268,0.21443126
709.439,0.214411283
709.582,0.214401294
709.732,0.214391306
709.903,0.214381318
710.083,0.214371329
710.268,0.214361341
710.441,0.214361341
710.599,0.214351352
710.745,0.214351352
710.917,0.214351352
711.103,0.214351352
711.287,0.214351352
711.441,0.214351352
711.585,0.214351352
711.75,0.214341364
711.922,0.214331376
712.112,0.214321387
712.286,0.214311399
712.435,0.214291422
712.578,0.214271445
712.747,0.214261457
712.93,0.214261457
713.112,0.214251468
713.279,0.21424148
713.433,0.21424148
713.589,0.21424148
713.752,0.21424148
713.933,0.214231491
714.109,0.214221503
714.278,0.214211515
714.43,0.214201526
714.582,0.214181549
714.756,0.214171561
714.936,0.214161573
715.112,0.214161573
715.272,0.214151584
715.412,0.214151584
715.577,0.214151584
715.757,0.214151584
715.929,0.214151584
716.09,0.214151584
716.247,0.214141596
716.407,0.214131607
716.58,0.214121619
716.761,0.214111631
716.931,0.214091654
717.096,0.214071677
717.252,0.2140517
717.406,0.214031723
717.575,0.214021735
717.748,0.214011746
717.926,0.21399177
718.1,0.213981781
718.254,0.213971793
718.414,0.213971793
718.586,0.213961804
718.758,0.213961804
718.933,0.213951816
719.101,0.213951816
719.253,0.213951816
719.414,0.213951816
719.583,0.213951816
719.756,0.213951816
719.927,0.213941827
720.091,0.213931839
720.247,0.213921851
720.417,0.213911862
720.599,0.213891885
720.767,0.213871909
720.92,0.21386192
721.071,0.21386192
721.232,0.213851932
721.409,0.213841943
721.588,0.213831955
721.751,0.213821967
721.905,0.213811978
722.062,0.213792001
722.229,0.213772024
722.408,0.213772024
722.579,0.213772024
722.738,0.213772024
722.893,0.213782013
723.047,0.213782013
723.215,0.213782013
723.391,0.213782013
723.573,0.213762036
723.736,0.213762036
723.888,0.213752048
724.039,0.213742059
724.201,0.213732071
724.387,0.213722082
724.563,0.213702106
724.724,0.213692117
724.878,0.213682129
725.032,0.21367214
725.205,0.213662152
725.381,0.213662152
725.548,0.213652163
725.713,0.213642175
725.873,0.213632187
726.025,0.213622198
726.201,0.21361221
726.369,0.213592233
726.543,0.213582245
726.705,0.213572256
726.871,0.213562268
727.036,0.213562268
727.199,0.213552279
727.359,0.213552279
727.525,0.213552279
727.691,0.213552279
727.853,0.213552279
728.027,0.213552279
728.193,0.213542291
728.356,0.213532303
728.528,0.213522314
728.686,0.213512326
728.855,0.213472372
729.02,0.213452395
729.181,0.213442407
729.348,0.213432418
729.517,0.21342243
729.687,0.213402453
729.853,0.213392465
730.01,0.213382476
730.177,0.213372488
730.338,0.213372488
730.491,0.2133625
730.659,0.2133625
730.833,0.213352511
731.008,0.213352511
731.164,0.213352511
731.33,0.213352511
731.492,0.213352511
731.658,0.213352511
731.821,0.213342523
731.984,0.213332534
732.152,0.213322546
732.314,0.213312557
732.479,0.213292581
732.646,0.213272604
732.809,0.213262615
732.975,0.213262615
733.141,0.213252627
733.308,0.213252627
733.47,0.213252627
733.643,0.213242639
733.803,0.21323265
733.967,0.213212673
734.138,0.213202685
734.304,0.213192696
734.468,0.213182708
734.637,0.21317272
734.809,0.21317272
734.968,0.213162731
735.133,0.213162731
735.303,0.213152743
735.473,0.213152743
735.637,0.213152743
735.796,0.213152743
735.962,0.213142754
736.125,0.213132766
736.297,0.213112789
736.471,0.213102801
736.631,0.213092812
736.79,0.213082824
736.96,0.213072836
737.129,0.213062847
737.297,0.213052859
737.463,0.213032882
737.624,0.213022893
737.789,0.213002917
737.966,0.212992928
738.137,0.21298294
738.298,0.212972951
738.458,0.212972951
738.627,0.212962963
738.796,0.212962963
738.961,0.212952975
739.124,0.212952975
739.299,0.212952975
739.471,0.212952975
739.637,0.212952975
739.805,0.212952975
739.967,0.212952975
740.129,0.212952975
740.299,0.212942986
740.464,0.212932998
740.625,0.212923009
740.794,0.212903032
740.963,0.212893044
741.131,0.212883056
741.299,0.212873067
741.463,0.212863079
741.636,0.212863079
741.802,0.212843102
741.965,0.212833114
742.126,0.212823125
742.293,0.212803148
742.464,0.21279316
742.628,0.212783172
742.8,0.212773183
742.958,0.212773183
743.125,0.212763195
743.301,0.212743218
743.463,0.212733229
743.621,0.212723241
743.786,0.212703264
743.954,0.212693276
744.115,0.212683287
744.286,0.212673299
744.455,0.212673299
744.62,0.212663311
744.781,0.212663311
744.946,0.212653322
745.109,0.212653322
745.274,0.212653322
745.444,0.212643334
745.617,0.212633345
745.787,0.212623357
745.954,0.21260338
746.124,0.212593392
746.281,0.212583403
746.444,0.212573415
746.617,0.212563426
746.793,0.212563426
746.957,0.212563426
747.112,0.212553438
747.288,0.212553438
747.454,0.212553438
747.624,0.212553438
747.796,0.212553438
747.958,0.212553438
748.119,0.21254345
748.284,0.212533461
748.459,0.212523473
748.63,0.212503496
748.796,0.212493508
748.96,0.212473531
749.126,0.212453554
749.293,0.212433577
749.463,0.212423589
749.62,0.212423589
749.792,0.212423589
749.961,0.212423589
750.121,0.2124136
750.292,0.212403612
750.457,0.212403612
750.621,0.212393623
750.782,0.212393623
750.959,0.212383635
751.132,0.212373647
751.294,0.212373647
751.461,0.212363658
751.62,0.212363658
751.784,0.21235367
751.95,0.21235367
752.117,0.212343681
752.281,0.212333693
752.452,0.212323705
752.615,0.212313716
752.784,0.212293739
752.954,0.212273762
753.123,0.212263774
753.284,0.212263774
753.447,0.212263774
753.616,0.212253786
753.78,0.212243797
753.953,0.21222382
754.118,0.212193855
754.28,0.212183867
754.445,0.21216389
754.609,0.212143913
754.772,0.212123936
754.934,0.212113948
755.104,0.212103959
755.273,0.212093971
755.446,0.212083983
755.616,0.212073994
755.782,0.212073994
755.953,0.212064006
756.121,0.212064006
756.273,0.212054017
756.44,0.212054017
756.603,0.212054017
756.756,0.212054017
756.93,0.212054017
757.11,0.212054017
757.273,0.212044029
757.426,0.212034041
757.592,0.212024052
757.762,0.212014064
757.937,0.211994087
758.117,0.21197411
758.286,0.211964122
758.438,0.211964122
758.591,0.211954133
758.763,0.211954133
758.953,0.211954133
759.119,0.211954133
759.276,0.211944145
759.426,0.211934156
759.589,0.211924168
759.771,0.211904191
759.956,0.211894203
760.112,0.211884214
760.265,0.211874226
760.419,0.211874226
760.582,0.211864237
760.76,0.211854249
760.94,0.211864237
761.113,0.211854249
761.265,0.211854249
761.428,0.211854249
761.598,0.211854249
761.771,0.211854249
761.936,0.211844261
762.097,0.211834272
762.263,0.211824284
762.429,0.211804307
762.597,0.211794319
762.76,0.211774342
762.928,0.211764353
763.096,0.211754365
763.254,0.211744377
763.425,0.211734388
763.598,0.2117244
763.768,0.211694434
763.93,0.211674458
764.085,0.211654481
764.242,0.211634504
764.408,0.211614527
764.585,0.21159455
764.759,0.211584562
764.929,0.211574573
765.082,0.211564585
765.238,0.211564585
765.397,0.211564585
765.568,0.211554597
765.733,0.211554597
765.905,0.211554597
766.057,0.211554597
766.225,0.211554597
766.396,0.211554597
766.568,0.211554597
766.735,0.211554597
766.897,0.211554597
767.057,0.211544608
767.213,0.21153462
767.383,0.211524631
767.548,0.211514643
767.705,0.211484678
767.876,0.211464701
768.045,0.211444724
768.209,0.211424747
768.368,0.211414759
768.523,0.211394782
768.693,0.211374805
768.859,0.211364817
769.021,0.211354828
769.19,0.211354828
769.353,0.21134484
769.516,0.21134484
769.692,0.21134484
769.849,0.211354828
770.01,0.21134484
770.171,0.21134484
770.338,0.211334852
770.507,0.211324863
770.678,0.211304886
770.849,0.211294898
771.013,0.21128491
771.173,0.211274921
771.338,0.211254944
771.506,0.211244956
771.669,0.211224979
771.836,0.211214991
772.003,0.211195014
772.162,0.211185025
772.332,0.211175037
772.5,0.211165049
772.662,0.211165049
772.833,0.211165049
773.005,0.21115506
773.162,0.21115506
773.328,0.21115506
773.498,0.21115506
773.667,0.21115506
773.826,0.21115506
773.987,0.211145072
774.154,0.211135083
774.327,0.211115106
774.499,0.211105118
774.66,0.21109513
774.822,0.211075153
774.989,0.211055176
775.166,0.211035199
775.328,0.211015222
775.504,0.211005234
775.659,0.210985257
775.822,0.210985257
775.995,0.210975269
776.16,0.21096528
776.319,0.210955292
776.483,0.210955292
776.646,0.210955292
776.826,0.210955292
777.006,0.210955292
